"date","RH","IXIC"
2019-06-21,0,0
2019-06-24,0,0
2019-06-25,-0.03,-0.02
2019-06-26,-0.05,-0.02
2019-06-27,-0.01,-0.01
2019-06-28,0.01,0
2019-07-01,0.04,0.01
2019-07-02,0.04,0.01
2019-07-03,0.06,0.02
2019-07-05,0.07,0.02
2019-07-08,0.04,0.01
2019-07-09,0.06,0.01
2019-07-10,0.04,0.02
2019-07-11,0.05,0.02
2019-07-12,0.07,0.03
2019-07-15,0.08,0.03
2019-07-16,0.1,0.02
2019-07-17,0.08,0.02
2019-07-18,0.1,0.02
2019-07-19,0.09,0.01
2019-07-22,0.08,0.02
2019-07-23,0.09,0.03
2019-07-24,0.13,0.04
2019-07-25,0.11,0.03
2019-07-26,0.14,0.04
2019-07-29,0.15,0.03
2019-07-30,0.22,0.03
2019-07-31,0.21,0.02
2019-08-01,0.19,0.01
2019-08-02,0.19,0
2019-08-05,0.17,-0.04
2019-08-06,0.19,-0.02
2019-08-07,0.18,-0.02
2019-08-08,0.22,0
2019-08-09,0.2,-0.01
2019-08-12,0.23,-0.02
2019-08-13,0.24,0
2019-08-14,0.19,-0.03
2019-08-15,0.2,-0.03
2019-08-16,0.21,-0.02
2019-08-19,0.24,0
2019-08-20,0.22,-0.01
2019-08-21,0.26,0
2019-08-22,0.28,-0.01
2019-08-23,0.24,-0.03
2019-08-26,0.26,-0.02
2019-08-27,0.25,-0.03
2019-08-28,0.25,-0.02
2019-08-29,0.24,-0.01
2019-08-30,0.25,-0.01
2019-09-03,0.23,-0.02
2019-09-04,0.22,-0.01
2019-09-05,0.26,0.01
2019-09-06,0.3,0.01
2019-09-09,0.34,0.01
2019-09-10,0.38,0.01
2019-09-11,0.45,0.02
2019-09-12,0.47,0.02
2019-09-13,0.51,0.02
2019-09-16,0.48,0.02
2019-09-17,0.51,0.02
2019-09-18,0.49,0.02
2019-09-19,0.48,0.02
2019-09-20,0.47,0.01
2019-09-23,0.47,0.01
2019-09-24,0.47,0
2019-09-25,0.48,0.01
2019-09-26,0.47,0
2019-09-27,0.49,-0.01
2019-09-30,0.49,0
2019-10-01,0.49,-0.02
2019-10-02,0.44,-0.03
2019-10-03,0.48,-0.02
2019-10-04,0.48,-0.01
2019-10-07,0.53,-0.01
2019-10-08,0.51,-0.03
2019-10-09,0.52,-0.02
2019-10-10,0.54,-0.01
2019-10-11,0.56,0
2019-10-14,0.59,0
2019-10-15,0.59,0.01
2019-10-16,0.59,0.01
2019-10-17,0.61,0.02
2019-10-18,0.58,0.01
2019-10-21,0.61,0.02
2019-10-22,0.61,0.01
2019-10-23,0.62,0.01
2019-10-24,0.61,0.02
2019-10-25,0.64,0.03
2019-10-28,0.63,0.04
2019-10-29,0.63,0.03
2019-10-30,0.61,0.03
2019-10-31,0.58,0.03
2019-11-01,0.53,0.04
2019-11-04,0.51,0.05
2019-11-05,0.5,0.05
2019-11-06,0.51,0.05
2019-11-07,0.53,0.05
2019-11-08,0.53,0.06
2019-11-11,0.52,0.05
2019-11-12,0.52,0.06
2019-11-13,0.51,0.06
2019-11-14,0.53,0.06
2019-11-15,0.64,0.06
2019-11-18,0.63,0.06
2019-11-19,0.59,0.07
2019-11-20,0.65,0.06
2019-11-21,0.7,0.06
2019-11-22,0.7,0.06
2019-11-25,0.76,0.07
2019-11-26,0.8,0.08
2019-11-27,0.79,0.08
2019-11-29,0.79,0.08
2019-12-02,0.74,0.07
2019-12-03,0.74,0.06
2019-12-04,0.79,0.07
2019-12-05,1.03,0.07
2019-12-06,1.11,0.08
2019-12-09,1.07,0.07
2019-12-10,1.03,0.07
2019-12-11,1.03,0.08
2019-12-12,0.92,0.09
2019-12-13,0.91,0.09
2019-12-16,0.92,0.1
2019-12-17,0.94,0.1
2019-12-18,0.93,0.1
2019-12-19,0.94,0.11
2019-12-20,0.92,0.11
2019-12-23,0.94,0.11
2019-12-24,0.99,0.11
2019-12-26,0.98,0.12
2019-12-27,0.87,0.12
2019-12-30,0.85,0.11
2019-12-31,0.86,0.12
2020-01-02,0.84,0.13
2020-01-03,0.82,0.12
2020-01-06,0.85,0.13
2020-01-07,0.88,0.13
2020-01-08,0.84,0.14
2020-01-09,0.9,0.15
2020-01-10,0.81,0.14
2020-01-13,0.88,0.15
2020-01-14,0.95,0.15
2020-01-15,0.93,0.15
2020-01-16,0.95,0.17
2020-01-17,0.94,0.17
2020-01-21,0.93,0.17
2020-01-22,0.95,0.17
2020-01-23,0.97,0.17
2020-01-24,0.93,0.16
2020-01-27,0.86,0.14
2020-01-28,0.92,0.15
2020-01-29,0.92,0.15
2020-01-30,0.91,0.16
2020-01-31,0.82,0.14
2020-02-03,0.82,0.15
2020-02-04,0.87,0.18
2020-02-05,0.92,0.18
2020-02-06,0.91,0.19
2020-02-07,0.88,0.19
2020-02-10,0.99,0.2
2020-02-11,1.06,0.2
2020-02-12,1.1,0.21
2020-02-13,1.08,0.21
2020-02-14,1.08,0.21
2020-02-18,1.2,0.21
2020-02-19,1.18,0.22
2020-02-20,1.14,0.21
2020-02-21,1.06,0.19
2020-02-24,0.9,0.15
2020-02-25,0.85,0.12
2020-02-26,0.83,0.12
2020-02-27,0.68,0.07
2020-02-28,0.58,0.07
2020-03-02,0.68,0.11
2020-03-03,0.6,0.08
2020-03-04,0.66,0.12
2020-03-05,0.52,0.09
2020-03-06,0.46,0.07
2020-03-09,0.29,-0.01
2020-03-10,0.27,0.04
2020-03-11,0.1,-0.01
2020-03-12,-0.06,-0.1
2020-03-13,0.07,-0.02
2020-03-16,-0.18,-0.14
2020-03-17,-0.19,-0.09
2020-03-18,-0.29,-0.13
2020-03-19,-0.2,-0.11
2020-03-20,-0.28,-0.14
2020-03-23,-0.3,-0.15
2020-03-24,-0.09,-0.08
2020-03-25,-0.08,-0.08
2020-03-26,-0.06,-0.03
2020-03-27,-0.03,-0.07
2020-03-30,0.03,-0.03
2020-03-31,-0.12,-0.04
2020-04-01,-0.23,-0.08
2020-04-02,-0.22,-0.07
2020-04-03,-0.25,-0.08
2020-04-06,-0.1,-0.01
2020-04-07,-0.08,-0.02
2020-04-08,-0.02,0.01
2020-04-09,0.07,0.02
2020-04-13,0.12,0.02
2020-04-14,0.14,0.06
2020-04-15,0.07,0.05
2020-04-16,0.06,0.06
2020-04-17,0.13,0.08
2020-04-20,0.08,0.07
2020-04-21,0.04,0.03
2020-04-22,0.11,0.06
2020-04-23,0.09,0.06
2020-04-24,0.16,0.08
2020-04-27,0.26,0.09
2020-04-28,0.3,0.07
2020-04-29,0.35,0.11
2020-04-30,0.25,0.11
2020-05-01,0.2,0.07
2020-05-04,0.24,0.08
2020-05-05,0.25,0.1
2020-05-06,0.28,0.1
2020-05-07,0.32,0.12
2020-05-08,0.39,0.14
2020-05-11,0.43,0.14
2020-05-12,0.36,0.12
2020-05-13,0.28,0.1
2020-05-14,0.31,0.11
2020-05-15,0.35,0.12
2020-05-18,0.52,0.15
2020-05-19,0.51,0.14
2020-05-20,0.52,0.17
2020-05-21,0.65,0.16
2020-05-22,0.73,0.16
2020-05-26,0.73,0.16
2020-05-27,0.82,0.17
2020-05-28,0.83,0.17
2020-05-29,0.89,0.18
2020-06-01,0.85,0.19
2020-06-02,1.16,0.2
2020-06-03,1.22,0.21
2020-06-04,1.16,0.2
2020-06-05,1.15,0.22
2020-06-08,1.21,0.24
2020-06-09,1.2,0.24
2020-06-10,1.13,0.25
2020-06-11,1,0.18
2020-06-12,1.05,0.19
2020-06-15,1.14,0.21
2020-06-16,1.22,0.23
2020-06-17,1.19,0.23
2020-06-18,1.22,0.24
2020-06-19,1.18,0.24
2020-06-22,1.22,0.25
2020-06-23,1.22,0.26
2020-06-24,1.18,0.23
2020-06-25,1.22,0.25
2020-06-26,1.22,0.21
2020-06-29,1.2,0.23
2020-06-30,1.17,0.25
2020-07-01,1.26,0.26
2020-07-02,1.22,0.27
2020-07-06,1.26,0.3
2020-07-07,1.24,0.29
2020-07-08,1.31,0.31
2020-07-09,1.27,0.31
2020-07-10,1.28,0.32
2020-07-13,1.25,0.29
2020-07-14,1.33,0.31
2020-07-15,1.44,0.31
2020-07-16,1.46,0.3
2020-07-17,1.49,0.31
2020-07-20,1.44,0.34
2020-07-21,1.45,0.33
2020-07-22,1.48,0.33
2020-07-23,1.47,0.3
2020-07-24,1.48,0.29
2020-07-27,1.54,0.31
2020-07-28,1.43,0.3
2020-07-29,1.49,0.31
2020-07-30,1.52,0.32
2020-07-31,1.5,0.34
2020-08-03,1.56,0.36
2020-08-04,1.56,0.36
2020-08-05,1.62,0.37
2020-08-06,1.63,0.38
2020-08-07,1.71,0.37
2020-08-10,1.72,0.37
2020-08-11,1.65,0.34
2020-08-12,1.7,0.37
2020-08-13,1.74,0.37
2020-08-14,1.74,0.37
2020-08-17,1.74,0.39
2020-08-18,1.8,0.4
2020-08-19,1.81,0.39
2020-08-20,1.82,0.4
2020-08-21,1.8,0.41
2020-08-24,1.82,0.42
2020-08-25,1.78,0.43
2020-08-26,1.83,0.45
2020-08-27,1.84,0.45
2020-08-28,1.89,0.46
2020-08-31,1.88,0.47
2020-09-01,1.97,0.49
2020-09-02,1.93,0.5
2020-09-03,1.79,0.43
2020-09-04,1.76,0.41
2020-09-08,1.72,0.35
2020-09-09,1.8,0.39
2020-09-10,2.36,0.36
2020-09-11,2.32,0.35
2020-09-14,2.32,0.38
2020-09-15,2.26,0.39
2020-09-16,2.32,0.38
2020-09-17,2.31,0.36
2020-09-18,2.3,0.34
2020-09-21,2.24,0.34
2020-09-22,2.24,0.37
2020-09-23,2.07,0.32
2020-09-24,2.06,0.33
2020-09-25,2.09,0.36
2020-09-28,2.15,0.38
2020-09-29,2.27,0.38
2020-09-30,2.33,0.39
2020-10-01,2.3,0.41
2020-10-02,2.35,0.38
2020-10-05,2.31,0.41
2020-10-06,2.15,0.39
2020-10-07,2.29,0.41
2020-10-08,2.28,0.42
2020-10-09,2.24,0.44
2020-10-12,2.18,0.48
2020-10-13,2.41,0.48
2020-10-14,2.39,0.47
2020-10-15,2.4,0.46
2020-10-16,2.36,0.45
2020-10-19,2.25,0.43
2020-10-20,2.19,0.43
2020-10-21,2.16,0.43
2020-10-22,2.3,0.43
2020-10-23,2.43,0.44
2020-10-26,2.18,0.41
2020-10-27,2.17,0.42
2020-10-28,2.08,0.37
2020-10-29,2.07,0.39
2020-10-30,1.92,0.36
2020-11-02,1.97,0.36
2020-11-03,2.13,0.39
2020-11-04,2.28,0.44
2020-11-05,2.39,0.48
2020-11-06,2.39,0.48
2020-11-09,2.24,0.46
2020-11-10,2.31,0.44
2020-11-11,2.57,0.47
2020-11-12,2.43,0.46
2020-11-13,2.56,0.47
2020-11-16,2.55,0.48
2020-11-17,2.66,0.48
2020-11-18,2.61,0.47
2020-11-19,2.77,0.48
2020-11-20,2.82,0.48
2020-11-23,2.84,0.48
2020-11-24,2.82,0.5
2020-11-25,2.92,0.51
2020-11-27,3.03,0.52
2020-11-30,2.95,0.52
2020-12-01,2.96,0.54
2020-12-02,2.96,0.54
2020-12-03,2.99,0.54
2020-12-04,3.08,0.55
2020-12-07,3.09,0.56
2020-12-08,3.11,0.57
2020-12-09,3.08,0.54
2020-12-10,2.95,0.54
2020-12-11,2.74,0.54
2020-12-14,2.72,0.55
2020-12-15,2.81,0.57
2020-12-16,2.83,0.58
2020-12-17,2.87,0.59
2020-12-18,2.99,0.59
2020-12-21,3,0.59
2020-12-22,3.05,0.59
2020-12-23,3.07,0.59
2020-12-24,3.15,0.59
2020-12-28,2.97,0.61
2020-12-29,2.93,0.6
2020-12-30,2.92,0.6
2020-12-31,2.9,0.6
2021-01-04,2.85,0.58
2021-01-05,2.91,0.6
2021-01-06,3.08,0.59
2021-01-07,3.27,0.63
2021-01-08,3.22,0.64
2021-01-11,3.26,0.62
2021-01-12,3.43,0.63
2021-01-13,3.38,0.63
2021-01-14,3.49,0.63
2021-01-15,3.42,0.62
2021-01-19,3.37,0.64
2021-01-20,3.38,0.68
2021-01-21,3.37,0.68
2021-01-22,3.37,0.69
2021-01-25,3.32,0.7
2021-01-26,3.28,0.7
2021-01-27,2.97,0.65
2021-01-28,3.15,0.66
2021-01-29,3.14,0.63
2021-02-01,3.22,0.67
2021-02-02,3.18,0.69
2021-02-03,3.14,0.69
2021-02-04,3.25,0.72
2021-02-05,3.24,0.73
2021-02-08,3.36,0.74
2021-02-09,3.34,0.74
2021-02-10,3.34,0.74
2021-02-11,3.41,0.75
2021-02-12,3.29,0.75
2021-02-16,3.25,0.75
2021-02-17,3.21,0.74
2021-02-18,3.25,0.73
2021-02-19,3.4,0.73
2021-02-22,3.36,0.68
2021-02-23,3.38,0.68
2021-02-24,3.44,0.69
2021-02-25,3.12,0.63
2021-02-26,3.27,0.64
2021-03-01,3.41,0.69
2021-03-02,3.25,0.66
2021-03-03,3.01,0.62
2021-03-04,2.89,0.58
2021-03-05,2.91,0.61
2021-03-08,2.85,0.57
2021-03-09,2.99,0.63
2021-03-10,3.02,0.63
2021-03-11,3.13,0.67
2021-03-12,3.11,0.66
2021-03-15,3.05,0.68
2021-03-16,3.14,0.68
2021-03-17,3.16,0.68
2021-03-18,3.23,0.63
2021-03-19,3.49,0.65
2021-03-22,3.61,0.67
2021-03-23,3.43,0.65
2021-03-24,3.23,0.61
2021-03-25,3.61,0.62
2021-03-26,4.04,0.64
2021-03-29,3.93,0.63
2021-03-30,4.23,0.62
2021-03-31,4.2,0.65
2021-04-01,4.19,0.68
2021-04-05,4.17,0.71
2021-04-06,4.29,0.71
2021-04-07,4.12,0.7
2021-04-08,4.24,0.72
2021-04-09,4.34,0.73
2021-04-12,4.24,0.72
2021-04-13,4.2,0.74
2021-04-14,4.25,0.73
2021-04-15,4.36,0.75
2021-04-16,4.53,0.75
2021-04-19,4.59,0.73
2021-04-20,4.54,0.72
2021-04-21,4.72,0.74
2021-04-22,4.7,0.72
2021-04-23,5,0.75
2021-04-26,5,0.76
2021-04-27,5.21,0.75
2021-04-28,5.27,0.75
2021-04-29,5.15,0.75
2021-04-30,5,0.74
2021-05-03,5.09,0.73
2021-05-04,4.99,0.7
2021-05-05,4.94,0.69
2021-05-06,4.97,0.7
2021-05-07,5.11,0.71
2021-05-10,4.93,0.67
2021-05-11,4.69,0.67
2021-05-12,4.45,0.62
2021-05-13,4.49,0.63
2021-05-14,4.66,0.67
2021-05-17,4.52,0.67
2021-05-18,4.47,0.66
2021-05-19,4.37,0.66
2021-05-20,4.31,0.69
2021-05-21,4.28,0.68
2021-05-24,4.36,0.7
2021-05-25,4.56,0.7
2021-05-26,4.56,0.71
2021-05-27,4.61,0.71
2021-05-28,4.59,0.71
2021-06-01,4.54,0.71
2021-06-02,4.43,0.71
2021-06-03,4.33,0.7
2021-06-04,4.34,0.72
2021-06-07,4.44,0.73
2021-06-08,4.48,0.73
2021-06-09,4.33,0.73
2021-06-10,5.16,0.75
2021-06-11,4.95,0.75
2021-06-14,4.88,0.76
2021-06-15,4.77,0.75
2021-06-16,4.73,0.75
2021-06-17,4.72,0.76
2021-06-18,4.69,0.75
2021-06-21,4.93,0.76
2021-06-22,4.9,0.77
2021-06-23,4.97,0.78
2021-06-24,4.9,0.79
2021-06-25,5.02,0.79
2021-06-28,5.01,0.81
2021-06-29,5.01,0.81
2021-06-30,4.92,0.81
2021-07-01,5.02,0.81
2021-07-02,5.01,0.82
2021-07-06,5.02,0.83
2021-07-07,5.17,0.83
2021-07-08,5.04,0.81
2021-07-09,5.15,0.83
2021-07-12,5.22,0.83
2021-07-13,5.17,0.83
2021-07-14,4.93,0.82
2021-07-15,4.82,0.81
2021-07-16,4.77,0.8
2021-07-19,4.68,0.78
2021-07-20,4.75,0.81
2021-07-21,4.87,0.82
2021-07-22,4.88,0.83
2021-07-23,4.97,0.85
2021-07-26,4.91,0.85
2021-07-27,4.87,0.83
2021-07-28,4.87,0.84
2021-07-29,4.84,0.84
2021-07-30,4.79,0.83
2021-08-02,4.73,0.83
2021-08-03,4.76,0.84
2021-08-04,4.89,0.84
2021-08-05,4.93,0.85
2021-08-06,4.88,0.85
2021-08-09,5,0.85
2021-08-10,5.27,0.84
2021-08-11,5.39,0.84
2021-08-12,5.44,0.84
2021-08-13,5.3,0.85
2021-08-16,5.23,0.84
2021-08-17,5,0.82
2021-08-18,4.96,0.81
2021-08-19,4.87,0.81
2021-08-20,5.02,0.83
2021-08-23,5.05,0.86
2021-08-24,5.11,0.87
2021-08-25,5.17,0.87
2021-08-26,5.18,0.86
2021-08-27,5.16,0.88
2021-08-30,5.25,0.9
2021-08-31,5.11,0.9
2021-09-01,5.14,0.91
2021-09-02,4.86,0.91
2021-09-03,4.91,0.91
2021-09-07,4.79,0.91
2021-09-08,4.86,0.9
2021-09-09,5.32,0.9
2021-09-10,5.05,0.88
2021-09-13,5.11,0.88
2021-09-14,5.02,0.87
2021-09-15,4.97,0.89
2021-09-16,4.97,0.89
2021-09-17,4.86,0.87
2021-09-20,4.81,0.83
2021-09-21,4.87,0.84
2021-09-22,4.97,0.85
2021-09-23,4.98,0.87
2021-09-24,4.98,0.87
2021-09-27,5.14,0.86
2021-09-28,4.96,0.81
2021-09-29,5.06,0.81
2021-09-30,4.81,0.8
2021-10-01,4.63,0.81
2021-10-04,4.5,0.77
2021-10-05,4.54,0.8
2021-10-06,4.49,0.81
2021-10-07,4.69,0.82
2021-10-08,4.64,0.82
2021-10-11,4.56,0.8
2021-10-12,4.63,0.8
2021-10-13,4.56,0.81
2021-10-14,4.69,0.85
2021-10-15,4.74,0.85
2021-10-18,5.01,0.87
2021-10-19,4.88,0.88
2021-10-20,4.91,0.88
2021-10-21,4.86,0.89
2021-10-22,4.82,0.88
2021-10-25,4.83,0.9
2021-10-26,4.75,0.9
2021-10-27,4.69,0.9
2021-10-28,4.75,0.92
2021-10-29,4.75,0.93
2021-11-01,4.83,0.94
2021-11-02,4.75,0.95
2021-11-03,4.9,0.97
2021-11-04,4.77,0.98
2021-11-05,4.75,0.99
2021-11-08,4.73,0.99
2021-11-09,4.68,0.98
2021-11-10,4.55,0.95
2021-11-11,4.54,0.96
2021-11-12,4.54,0.97
2021-11-15,4.66,0.97
2021-11-16,4.67,0.99
2021-11-17,4.44,0.98
2021-11-18,4.6,0.99
2021-11-19,4.62,1
2021-11-22,4.46,0.97
2021-11-23,4.27,0.96
2021-11-24,4.27,0.97
2021-11-26,4.22,0.93
2021-11-29,4.2,0.97
2021-11-30,4.08,0.93
2021-12-01,3.92,0.9
2021-12-02,3.89,0.92
2021-12-03,3.68,0.88
2021-12-06,3.9,0.9
2021-12-07,4.02,0.95
2021-12-08,4.03,0.97
2021-12-09,4.3,0.93
2021-12-10,4.25,0.95
2021-12-13,3.94,0.92
2021-12-14,3.95,0.9
2021-12-15,3.95,0.94
2021-12-16,3.76,0.89
2021-12-17,3.82,0.89
2021-12-20,3.6,0.87
2021-12-21,3.78,0.91
2021-12-22,3.75,0.93
2021-12-23,3.76,0.95
2021-12-27,3.72,0.98
2021-12-28,3.61,0.96
2021-12-29,3.65,0.96
2021-12-30,3.68,0.96
2021-12-31,3.67,0.95
2022-01-03,3.69,0.97
2022-01-04,3.62,0.95
2022-01-05,3.41,0.88
2022-01-06,3.51,0.88
2022-01-07,3.31,0.86
2022-01-10,3.18,0.86
2022-01-11,3.2,0.89
2022-01-12,3.12,0.89
2022-01-13,2.98,0.84
2022-01-14,2.9,0.85
2022-01-18,2.71,0.81
2022-01-19,2.63,0.79
2022-01-20,2.52,0.76
2022-01-21,2.41,0.71
2022-01-24,2.55,0.73
2022-01-25,2.47,0.69
2022-01-26,2.3,0.69
2022-01-27,2.2,0.66
2022-01-28,2.42,0.71
2022-01-31,2.51,0.77
2022-02-01,2.59,0.79
2022-02-02,2.51,0.8
2022-02-03,2.45,0.73
2022-02-04,2.52,0.76
2022-02-07,2.55,0.75
2022-02-08,2.58,0.77
2022-02-09,2.68,0.8
2022-02-10,2.67,0.77
2022-02-11,2.56,0.72
2022-02-14,2.56,0.72
2022-02-15,2.72,0.76
2022-02-16,2.66,0.76
2022-02-17,2.51,0.71
2022-02-18,2.49,0.69
2022-02-22,2.26,0.67
2022-02-23,2.2,0.62
2022-02-24,2.33,0.68
2022-02-25,2.45,0.71
2022-02-28,2.5,0.71
2022-03-01,2.45,0.68
2022-03-02,2.55,0.71
2022-03-03,2.44,0.69
2022-03-04,2.19,0.66
2022-03-07,1.88,0.6
2022-03-08,1.9,0.59
2022-03-09,2.02,0.65
2022-03-10,1.97,0.63
2022-03-11,1.83,0.6
2022-03-14,1.84,0.57
2022-03-15,1.97,0.61
2022-03-16,2.07,0.67
2022-03-17,2.17,0.7
2022-03-18,2.26,0.73
2022-03-21,2.22,0.72
2022-03-22,2.26,0.76
2022-03-23,2.14,0.73
2022-03-24,2.15,0.77
2022-03-25,2.07,0.76
2022-03-28,2.2,0.79
2022-03-29,2.36,0.82
2022-03-30,1.91,0.8
2022-03-31,1.84,0.77
2022-04-01,1.79,0.78
2022-04-04,1.88,0.81
2022-04-05,2.09,0.77
2022-04-06,1.92,0.73
2022-04-07,1.86,0.73
2022-04-08,1.93,0.71
2022-04-11,1.97,0.67
2022-04-12,2.02,0.66
2022-04-13,2.08,0.7
2022-04-14,1.92,0.66
2022-04-18,1.85,0.66
2022-04-19,2.04,0.7
2022-04-20,1.95,0.67
2022-04-21,1.94,0.64
2022-04-22,1.79,0.6
2022-04-25,1.94,0.62
2022-04-26,1.9,0.56
2022-04-27,1.97,0.55
2022-04-28,2.08,0.6
2022-04-29,1.93,0.54
2022-05-02,2.03,0.56
2022-05-03,2,0.56
2022-05-04,1.96,0.61
2022-05-05,1.69,0.53
2022-05-06,1.56,0.51
2022-05-09,1.53,0.45
2022-05-10,1.53,0.46
2022-05-11,1.44,0.41
2022-05-12,1.49,0.42
2022-05-13,1.52,0.47
2022-05-16,1.44,0.45
2022-05-17,1.6,0.49
2022-05-18,1.29,0.42
2022-05-19,1.41,0.42
2022-05-20,1.34,0.41
2022-05-23,1.23,0.44
2022-05-24,1.15,0.4
2022-05-25,1.23,0.42
2022-05-26,1.43,0.46
2022-05-27,1.54,0.51
2022-05-31,1.53,0.5
2022-06-01,1.53,0.49
2022-06-02,1.63,0.53
2022-06-03,1.65,0.5
2022-06-06,1.7,0.5
2022-06-07,1.67,0.52
2022-06-08,1.62,0.5
2022-06-09,1.51,0.46
2022-06-10,1.42,0.41
2022-06-13,1.25,0.35
2022-06-14,1.14,0.35
2022-06-15,1.18,0.38
2022-06-16,1.02,0.33
2022-06-17,1.14,0.34
2022-06-21,1.14,0.38
2022-06-22,1.15,0.38
2022-06-23,1.24,0.4
2022-06-24,1.34,0.45
2022-06-27,1.23,0.43
2022-06-28,1.12,0.39
2022-06-29,1.07,0.39
2022-06-30,0.85,0.37
2022-07-01,0.92,0.39
2022-07-05,1.12,0.41
2022-07-06,1.11,0.41
2022-07-07,1.22,0.45
2022-07-08,1.28,0.45
2022-07-11,1.25,0.42
2022-07-12,1.28,0.4
2022-07-13,1.29,0.4
2022-07-14,1.23,0.4
2022-07-15,1.33,0.43
2022-07-18,1.24,0.41
2022-07-19,1.31,0.46
2022-07-20,1.38,0.48
2022-07-21,1.41,0.5
2022-07-22,1.35,0.47
2022-07-25,1.29,0.47
2022-07-26,1.18,0.44
2022-07-27,1.28,0.5
2022-07-28,1.36,0.51
2022-07-29,1.43,0.54
2022-08-01,1.46,0.54
2022-08-02,1.44,0.54
2022-08-03,1.51,0.58
2022-08-04,1.47,0.58
2022-08-05,1.5,0.58
2022-08-08,1.59,0.57
2022-08-09,1.47,0.56
2022-08-10,1.61,0.6
2022-08-11,1.64,0.59
2022-08-12,1.68,0.62
2022-08-15,1.72,0.63
2022-08-16,1.87,0.63
2022-08-17,1.73,0.61
2022-08-18,1.71,0.61
2022-08-19,1.6,0.58
2022-08-22,1.55,0.54
2022-08-23,1.55,0.54
2022-08-24,1.55,0.55
2022-08-25,1.57,0.57
2022-08-26,1.33,0.51
2022-08-29,1.33,0.5
2022-08-30,1.31,0.48
2022-08-31,1.23,0.47
2022-09-01,1.2,0.47
2022-09-02,1.2,0.45
2022-09-06,1.12,0.44
2022-09-07,1.25,0.47
2022-09-08,1.28,0.48
2022-09-09,1.38,0.51
2022-09-12,1.42,0.53
2022-09-13,1.29,0.45
2022-09-14,1.29,0.46
2022-09-15,1.26,0.44
2022-09-16,1.25,0.43
2022-09-19,1.32,0.44
2022-09-20,1.22,0.42
2022-09-21,1.23,0.4
2022-09-22,1.16,0.38
2022-09-23,1.15,0.35
2022-09-26,1.1,0.35
2022-09-27,1.16,0.35
2022-09-28,1.26,0.38
2022-09-29,1.18,0.34
2022-09-30,1.14,0.32
2022-10-03,1.22,0.35
2022-10-04,1.32,0.39
2022-10-05,1.3,0.39
2022-10-06,1.31,0.38
2022-10-07,1.24,0.33
2022-10-10,1.18,0.31
2022-10-11,1.19,0.3
2022-10-12,1.15,0.3
2022-10-13,1.12,0.33
2022-10-14,1.04,0.29
2022-10-17,1.1,0.33
2022-10-18,1.15,0.34
2022-10-19,1.05,0.33
2022-10-20,1.02,0.32
2022-10-21,1.09,0.35
2022-10-24,1.04,0.36
2022-10-25,1.15,0.39
2022-10-26,1.2,0.37
2022-10-27,1.14,0.34
2022-10-28,1.23,0.38
2022-10-31,1.21,0.37
2022-11-01,1.18,0.36
2022-11-02,1.04,0.31
2022-11-03,1.06,0.29
2022-11-04,1.14,0.3
2022-11-07,1.26,0.32
2022-11-08,1.25,0.32
2022-11-09,1.21,0.29
2022-11-10,1.46,0.38
2022-11-11,1.54,0.41
2022-11-14,1.49,0.39
2022-11-15,1.58,0.41
2022-11-16,1.54,0.39
2022-11-17,1.51,0.39
2022-11-18,1.4,0.39
2022-11-21,1.29,0.37
2022-11-22,1.35,0.39
2022-11-23,1.41,0.41
2022-11-25,1.42,0.4
2022-11-28,1.4,0.38
2022-11-29,1.41,0.37
2022-11-30,1.5,0.43
2022-12-01,1.45,0.43
2022-12-02,1.45,0.43
2022-12-05,1.27,0.4
2022-12-06,1.26,0.37
2022-12-07,1.28,0.36
2022-12-08,1.32,0.38
2022-12-09,1.39,0.37
2022-12-12,1.21,0.39
2022-12-13,1.29,0.4
2022-12-14,1.26,0.39
2022-12-15,1.26,0.35
2022-12-16,1.22,0.33
2022-12-19,1.2,0.31
2022-12-20,1.22,0.31
2022-12-21,1.3,0.33
2022-12-22,1.29,0.3
2022-12-23,1.3,0.31
2022-12-27,1.27,0.29
2022-12-28,1.27,0.27
2022-12-29,1.34,0.3
2022-12-30,1.33,0.3
2023-01-03,1.21,0.29
2023-01-04,1.41,0.3
2023-01-05,1.45,0.28
2023-01-06,1.55,0.32
2023-01-09,1.61,0.32
2023-01-10,1.7,0.34
2023-01-11,1.76,0.36
2023-01-12,1.78,0.37
2023-01-13,1.7,0.38
2023-01-17,1.69,0.38
2023-01-18,1.62,0.36
2023-01-19,1.55,0.35
2023-01-20,1.61,0.39
2023-01-23,1.71,0.41
2023-01-24,1.67,0.41
2023-01-25,1.68,0.41
2023-01-26,1.69,0.43
2023-01-27,1.71,0.45
2023-01-30,1.66,0.42
2023-01-31,1.72,0.44
2023-02-01,1.82,0.47
2023-02-02,2.02,0.52
2023-02-03,1.99,0.49
2023-02-06,1.77,0.48
2023-02-07,1.78,0.51
2023-02-08,1.8,0.48
2023-02-09,1.75,0.47
2023-02-10,1.67,0.46
2023-02-13,1.79,0.48
2023-02-14,1.85,0.49
2023-02-15,1.89,0.5
2023-02-16,1.8,0.48
2023-02-17,1.75,0.47
2023-02-21,1.65,0.43
2023-02-22,1.67,0.43
2023-02-23,1.64,0.44
2023-02-24,1.64,0.42
2023-02-27,1.64,0.43
2023-02-28,1.61,0.43
2023-03-01,1.54,0.42
2023-03-02,1.55,0.43
2023-03-03,1.59,0.46
2023-03-06,1.46,0.45
2023-03-07,1.46,0.44
2023-03-08,1.44,0.44
2023-03-09,1.33,0.41
2023-03-10,1.26,0.39
2023-03-13,1.21,0.39
2023-03-14,1.2,0.42
2023-03-15,1.13,0.42
2023-03-16,1.16,0.46
2023-03-17,1.15,0.45
2023-03-20,1.17,0.45
2023-03-21,1.23,0.48
2023-03-22,1.15,0.45
2023-03-23,1.12,0.47
2023-03-24,1.11,0.47
2023-03-27,1.1,0.47
2023-03-28,1.1,0.46
2023-03-29,1.14,0.48
2023-03-30,1.07,0.5
2023-03-31,1.12,0.52
2023-04-03,1.11,0.52
2023-04-04,1.11,0.51
2023-04-05,1.02,0.49
2023-04-06,1.06,0.51
2023-04-10,1.1,0.5
2023-04-11,1.08,0.5
2023-04-12,1.05,0.49
2023-04-13,1.05,0.51
2023-04-14,1.04,0.51
2023-04-17,1.08,0.51
2023-04-18,1.14,0.51
2023-04-19,1.18,0.51
2023-04-20,1.14,0.5
2023-04-21,1.14,0.5
2023-04-24,1.19,0.5
2023-04-25,1.14,0.47
2023-04-26,1.14,0.48
2023-04-27,1.22,0.51
2023-04-28,1.22,0.52
2023-05-01,1.26,0.52
2023-05-02,1.25,0.5
2023-05-03,1.24,0.5
2023-05-04,1.2,0.49
2023-05-05,1.28,0.52
2023-05-08,1.24,0.53
2023-05-09,1.29,0.52
2023-05-10,1.29,0.53
2023-05-11,1.31,0.53
2023-05-12,1.26,0.53
2023-05-15,1.31,0.54
2023-05-16,1.1,0.54
2023-05-17,1.25,0.56
2023-05-18,1.31,0.58
2023-05-19,1.28,0.58
2023-05-22,1.24,0.58
2023-05-23,1.24,0.56
2023-05-24,1.26,0.55
2023-05-25,1.22,0.58
2023-05-26,1.15,0.62
2023-05-30,1.19,0.62
2023-05-31,1.13,0.61
2023-06-01,1.13,0.63
2023-06-02,1.2,0.65
2023-06-05,1.24,0.65
2023-06-06,1.32,0.65
2023-06-07,1.33,0.63
2023-06-08,1.3,0.65
2023-06-09,1.3,0.65
2023-06-12,1.35,0.68
2023-06-13,1.44,0.69
2023-06-14,1.4,0.7
2023-06-15,1.46,0.72
2023-06-16,1.46,0.7
2023-06-20,1.52,0.7
2023-06-21,1.51,0.68
2023-06-22,1.55,0.7
2023-06-23,1.53,0.68
2023-06-26,1.59,0.66
2023-06-27,1.66,0.69
2023-06-28,1.71,0.69
2023-06-29,1.81,0.69
2023-06-30,1.87,0.72
2023-07-03,1.89,0.72
2023-07-05,1.9,0.72
2023-07-06,1.83,0.7
2023-07-07,1.87,0.7
2023-07-10,2.03,0.7
2023-07-11,2.19,0.71
2023-07-12,2.23,0.73
2023-07-13,2.22,0.76
2023-07-14,2.28,0.76
2023-07-17,2.18,0.77
2023-07-18,2.22,0.79
2023-07-19,2.32,0.79
2023-07-20,2.29,0.75
2023-07-21,2.29,0.75
2023-07-24,2.32,0.75
2023-07-25,2.36,0.76
2023-07-26,2.4,0.76
2023-07-27,2.32,0.75
2023-07-28,2.37,0.78
2023-07-31,2.38,0.79
2023-08-01,2.4,0.78
2023-08-02,2.38,0.74
2023-08-03,2.49,0.74
2023-08-04,2.42,0.73
2023-08-07,2.5,0.74
2023-08-08,2.48,0.73
2023-08-09,2.4,0.71
2023-08-10,2.36,0.71
2023-08-11,2.24,0.7
2023-08-14,2.34,0.72
2023-08-15,2.26,0.7
2023-08-16,2.18,0.68
2023-08-17,2.11,0.66
2023-08-18,2.08,0.65
2023-08-21,2,0.68
2023-08-22,1.91,0.68
2023-08-23,2.11,0.71
2023-08-24,2.06,0.68
2023-08-25,1.95,0.69
2023-08-28,2.02,0.71
2023-08-29,2.09,0.74
2023-08-30,2.1,0.75
2023-08-31,2.18,0.75
2023-09-01,2.32,0.75
2023-09-05,2.36,0.75
2023-09-06,2.25,0.73
2023-09-07,2.21,0.71
2023-09-08,1.71,0.71
2023-09-11,1.76,0.73
2023-09-12,1.67,0.71
2023-09-13,1.71,0.72
2023-09-14,1.68,0.73
2023-09-15,1.65,0.71
2023-09-18,1.55,0.71
2023-09-19,1.53,0.7
2023-09-20,1.5,0.68
2023-09-21,1.36,0.65
2023-09-22,1.3,0.64
2023-09-25,1.31,0.65
2023-09-26,1.24,0.63
2023-09-27,1.24,0.63
2023-09-28,1.26,0.64
2023-09-29,1.3,0.65
2023-10-02,1.28,0.66
2023-10-03,1.21,0.63
2023-10-04,1.16,0.65
2023-10-05,1.09,0.65
2023-10-06,1.16,0.67
2023-10-09,1.14,0.68
2023-10-10,1.16,0.69
2023-10-11,1.18,0.7
2023-10-12,1.08,0.69
2023-10-13,1.08,0.67
2023-10-16,1.13,0.69
2023-10-17,1.19,0.69
2023-10-18,1.09,0.66
2023-10-19,1.01,0.64
2023-10-20,1.03,0.62
2023-10-23,1.03,0.62
2023-10-24,1.02,0.64
2023-10-25,0.97,0.6
2023-10-26,0.88,0.57
2023-10-27,0.86,0.57
2023-10-30,0.88,0.59
2023-10-31,0.9,0.6
2023-11-01,0.86,0.63
2023-11-02,0.96,0.66
2023-11-03,1.09,0.68
2023-11-06,1.03,0.68
2023-11-07,1.06,0.7
2023-11-08,1.05,0.7
2023-11-09,0.99,0.68
2023-11-10,1.03,0.72
2023-11-13,1,0.71
2023-11-14,1.15,0.75
2023-11-15,1.26,0.76
2023-11-16,1.22,0.76
2023-11-17,1.26,0.76
2023-11-20,1.34,0.78
2023-11-21,1.34,0.77
2023-11-22,1.35,0.78
2023-11-24,1.34,0.77
2023-11-27,1.33,0.77
2023-11-28,1.32,0.78
2023-11-29,1.36,0.78
2023-11-30,1.35,0.77
2023-12-01,1.48,0.78
2023-12-04,1.53,0.77
2023-12-05,1.44,0.77
2023-12-06,1.44,0.76
2023-12-07,1.45,0.79
2023-12-08,1.11,0.79
2023-12-11,1.18,0.8
2023-12-12,1.21,0.81
2023-12-13,1.47,0.83
2023-12-14,1.76,0.84
2023-12-15,1.69,0.84
2023-12-18,1.66,0.86
2023-12-19,1.72,0.87
2023-12-20,1.66,0.84
2023-12-21,1.68,0.86
2023-12-22,1.63,0.87
2023-12-26,1.63,0.88
2023-12-27,1.61,0.88
2023-12-28,1.62,0.88
2023-12-29,1.54,0.87
2024-01-02,1.49,0.84
2024-01-03,1.35,0.82
2024-01-04,1.32,0.81
2024-01-05,1.3,0.81
2024-01-08,1.38,0.85
2024-01-09,1.37,0.85
2024-01-10,1.38,0.86
2024-01-11,1.4,0.86
2024-01-12,1.34,0.86
2024-01-16,1.25,0.86
2024-01-17,1.22,0.85
2024-01-18,1.22,0.87
2024-01-19,1.26,0.91
2024-01-22,1.32,0.91
2024-01-23,1.34,0.92
2024-01-24,1.3,0.93
2024-01-25,1.36,0.93
2024-01-26,1.38,0.92
2024-01-29,1.38,0.95
2024-01-30,1.29,0.93
2024-01-31,1.21,0.89
2024-02-01,1.25,0.91
2024-02-02,1.23,0.95
2024-02-05,1.19,0.94
2024-02-06,1.22,0.94
2024-02-07,1.22,0.96
2024-02-08,1.24,0.97
2024-02-09,1.28,0.99
2024-02-12,1.43,0.98
2024-02-13,1.31,0.95
2024-02-14,1.4,0.97
2024-02-15,1.4,0.98
2024-02-16,1.31,0.96
2024-02-20,1.29,0.95
2024-02-21,1.23,0.94
2024-02-22,1.27,1
2024-02-23,1.25,0.99
2024-02-26,1.21,0.99
2024-02-27,1.32,1
2024-02-28,1.3,0.99
2024-02-29,1.39,1
2024-03-01,1.42,1.03
2024-03-04,1.36,1.02
2024-03-05,1.34,0.98
2024-03-06,1.36,1
2024-03-07,1.39,1.03
2024-03-08,1.41,1
2024-03-11,1.46,0.99
2024-03-12,1.5,1.03
2024-03-13,1.64,1.01
2024-03-14,1.54,1.01
2024-03-15,1.53,0.99
2024-03-18,1.44,1
2024-03-19,1.43,1.01
2024-03-20,1.53,1.04
2024-03-21,1.71,1.04
2024-03-22,1.59,1.05
2024-03-25,1.5,1.04
2024-03-26,1.49,1.03
2024-03-27,1.59,1.04
2024-03-28,2.03,1.04
2024-04-01,1.92,1.04
2024-04-02,1.71,1.02
2024-04-03,1.6,1.03
2024-04-04,1.46,1
2024-04-05,1.43,1.02
2024-04-08,1.41,1.02
2024-04-09,1.52,1.03
2024-04-10,1.27,1.01
2024-04-11,1.33,1.05
2024-04-12,1.22,1.01
2024-04-15,1.19,0.98
2024-04-16,1.12,0.98
2024-04-17,1.12,0.95
2024-04-18,1.14,0.94
2024-04-19,1.09,0.9
2024-04-22,1.14,0.92
2024-04-23,1.17,0.95
2024-04-24,1.19,0.96
2024-04-25,1.12,0.94
2024-04-26,1.17,0.98
2024-04-29,1.23,0.99
2024-04-30,1.15,0.95
2024-05-01,1.13,0.94
2024-05-02,1.28,0.97
2024-05-03,1.4,1.01
2024-05-06,1.45,1.04
2024-05-07,1.43,1.03
2024-05-08,1.43,1.03
2024-05-09,1.56,1.04
2024-05-10,1.54,1.03
2024-05-13,1.55,1.04
2024-05-14,1.53,1.06
2024-05-15,1.59,1.08
2024-05-16,1.5,1.08
2024-05-17,1.43,1.08
2024-05-20,1.44,1.09
2024-05-21,1.39,1.1
2024-05-22,1.22,1.09
2024-05-23,1.17,1.08
2024-05-24,1.22,1.11
2024-05-28,1.18,1.12
2024-05-29,1.2,1.11
2024-05-30,1.3,1.08
2024-05-31,1.37,1.08
2024-06-03,1.4,1.1
2024-06-04,1.35,1.1
2024-06-05,1.46,1.14
2024-06-06,1.43,1.14
2024-06-07,1.34,1.13
2024-06-10,1.39,1.14
2024-06-11,1.43,1.16
2024-06-12,1.49,1.19
2024-06-13,1.41,1.2
2024-06-14,1,1.2
2024-06-17,1.02,1.22
2024-06-18,0.92,1.22
2024-06-20,0.9,1.21
